id,index,start,consentimiento,nombre,edad,sexo,codigo,nombredelestablecimiento,departamento,municipio_guatemala,municipio_solola,municipio_quetzaltenango,municipio_totonicapan,x1_conocimiento,x2_capacitacion,x3_materiales,x4_aplicacion,x334_que_otras_dificultades_de_implementacion_identifica_en_el_centro_educativo,nota_evaluacion,area
1,1001,2025-08-12 10:05:00,Doy mi consentimiento para participar en esta encuesta,Participante 01,41,Femenino,00-01-0001-43,Centro educativo 01,Guatemala,Guatemala,,,,Algo,Poco,Algo,Bastante,Falta de capacitación,78.0,Urbana
2,1002,2025-08-19 16:40:00,Doy mi consentimiento para participar en esta encuesta,Participante 02,37,Masculino,00-09-0301-44,Centro educativo 05,Quetzaltenango,,,Quetzaltenango,,Bastante,Algo,Poco,Algo,Recursos insuficientes,81.0,Urbana
3,1003,2025-08-27 09:00:00,No doy mi consentimiento para participar en esta encuesta,Participante 03,45,Femenino,00-11-0245-43,Centro educativo 03,Solola,,Sololá,,,Algo,Algo,Algo,Algo,Infraestructura deficiente,70.0,Urbana
4,1004,2025-08-28 11:30:00,No doy mi consentimiento para participar en esta encuesta,Participante 04,52,Masculino,00-08-0077-43,Centro educativo 07,Totonicapan,,,,Totonicapán,Poco,Poco,Poco,Poco,Falta de capacitación,64.0,Rural
5,1005,2025-08-29 08:15:00,No doy mi consentimiento para participar en esta encuesta,Participante 05,33,Femenino,00-01-0123-45,Centro educativo 02,Guatemala,Mixco,,,,Bastante,Bastante,Algo,Mucho,Resistencia al cambio,88.0,Urbana
6,1006,2025-08-30 14:00:00,Doy mi consentimiento para participar en esta encuesta,Participante 06,29,M,00-09-0150-42,Centro educativo 06,Quetzaltenango,,,Coatepeque,,,,,,,,Urbana
7,1007,2025-09-01 10:20:00,Doy mi consentimiento para participar en esta encuesta,Participante 07,38,F,00-08-0210-40,Centro educativo 08,Totonicapan,,,,Momostenango,,,,,,,Rural
8,1008,2025-09-02 09:45:00,Doy mi consentimiento para participar en esta encuesta,Participante 08,47,Masculino,00-01-0456-43,Centro educativo 09,Guatemala,Villa Nueva,,,,,,,,,,Urbana
9,1009,2025-09-03 12:00:00,Doy mi consentimiento para participar en esta encuesta,Participante 09,16,Femenino,00-11-0099-41,Centro educativo 04,Sololá,,Panajachel,,,Algo,Algo,Poco,Algo,Falta de capacitación,75.0,Rural
10,1010,2025-09-03 12:30:00,Doy mi consentimiento para participar en esta encuesta,Participante 10,17,Masculino,00-09-0301-44,Centro educativo 05,QUETZALTENANGO,,,Salcajá,,Poco,Algo,Algo,Poco,Recursos insuficientes,69.0,Urbana
11,1011,2025-09-04 08:00:00,Doy mi consentimiento para participar en esta encuesta,Participante 11,15,Femenino,00-01-0001-43,Centro educativo 01,guatemala,Guatemala,,,,Nada,Poco,Poco,Nada,Otra,60.0,Urbana
12,1012,2025-08-26 09:14:00,Doy mi consentimiento para participar en esta encuesta,Participante 12,20 años,Femenino,00-01-0123-45,Centro educativo 02,Guatemala,Mixco,,,,Bastante,Algo,Bastante,Mucho,Falta de capacitación; Recursos insuficientes,84.0,Urbana
13,1013,2025-08-26 10:00:00,Doy mi consentimiento para participar en esta encuesta,Participante 13,34,Masculino,00-11-0245-43,Centro educativo 03,Sololá,,Sololá,,,Algo,Algo,Algo,Bastante,Infraestructura deficiente,73.0,Urbana
14,1014,2025-08-27 11:11:00,Doy mi consentimiento para participar en esta encuesta,Participante 14,42,F,00-09-0301-44,Centro educativo 05,Quetzaltenango,,,Quetzaltenango,,Mucho,Bastante,Bastante,Mucho,,91.0,Urbana
15,1015,2025-08-28 09:30:00,Doy mi consentimiento para participar en esta encuesta,Participante 15,29,M,00-08-0077-43,Centro educativo 07,Totonicapán,,,,Totonicapán,Poco,Algo,Poco,Algo,Resistencia al cambio; Falta de capacitación,66.0,Rural
16,1016,2025-08-29 13:00:00,Doy mi consentimiento para participar en esta encuesta,Participante 16,51,Femenino,00-01-0456-43,Centro educativo 09,Guatemala,Villa Nueva,,,,Algo,Poco,Algo,Algo,Recursos insuficientes,79.0,Urbana
17,1017,2025-08-30 08:40:00,Doy mi consentimiento para participar en esta encuesta,Participante 17,36,Masculino,00-11-0099-41,Centro educativo 04,SOLOLÁ,,Santiago Atitlán,,,Bastante,Bastante,Algo,Bastante,Infraestructura deficiente,82.0,
18,1018,2025-08-31 15:20:00,Doy mi consentimiento para participar en esta encuesta,Participante 18,38 años,Femenino,00-09-0150-42,Centro educativo 06,Quetzaltenango,,,Coatepeque,,Algo,Algo,Bastante,Algo,Falta de capacitación,77.0,Rural
19,1019,2025-09-01 09:05:00,Doy mi consentimiento para participar en esta encuesta,Participante 19,44,Masculino,00-08-0210-40,Centro educativo 08,Totonicapán,,,,Momostenango,Poco,Poco,Algo,Poco,Otra,68.0,Urbanaa
20,1020,2025-09-01 16:00:00,Doy mi consentimiento para participar en esta encuesta,Participante 20,31,F,00-01-0001-43,Centro educativo 01,Guatemala,Amatitlán,,,,Bastante,Algo,Bastante,Bastante,Recursos insuficientes,150.0,Urbana
21,1021,2025-09-02 10:45:00,Doy mi consentimiento para participar en esta encuesta,Participante 21,27,Masculino,00-11-0245-43,Centro educativo 03,Sololá,,Sololá,,,Algo,,Algo,Algo,Infraestructura deficiente,72.0,Urbana
22,1022,2025-09-02 11:50:00,Doy mi consentimiento para participar en esta encuesta,Participante 22,49,Femenino,00-01-0123-45,Centro educativo 02,Guatemala,,,,,Algo,Algo,Poco,Algo,Falta de capacitación,70.0,Urbana
23,1023,2025-09-03 09:00:00,Doy mi consentimiento para participar en esta encuesta,Participante 23,55,Masculino,00-09-0301-44,Centro educativo 05,Quetzaltenango,,,Quetzaltenango,,Poco,Poco,Poco,Algo,Resistencia al cambio,63.0,Urbana
24,1024,2025-09-03 14:15:00,Doy mi consentimiento para participar en esta encuesta,Participante 24,33 años,Femenino,00-08-0077-43,Centro educativo 07,Totonicapan,,,,San Cristóbal Totonicapán,Bastante,Bastante,Bastante,Mucho,Falta de capacitación; Infraestructura deficiente,89.0,Rural
25,1025,2025-09-04 10:30:00,Doy mi consentimiento para participar en esta encuesta,Participante 25,40,Masculino,00-01-0456-43,Centro educativo 09,Guatemala,Chinautla,,,,Algo,Algo,Algo,Poco,Otra,-5.0,Urbana
26,1026,2025-09-04 11:00:00,Doy mi consentimiento para participar en esta encuesta,Participante 26,46,Femenino,00-11-0099-41,Centro educativo 04,Sololá,,San Pedro La Laguna,,,Algo,Bastante,Algo,Bastante,Recursos insuficientes,80.0,Rural
27,1027,2025-09-05 08:20:00,Doy mi consentimiento para participar en esta encuesta,Participante 27,39,Masculino,00-09-0150-42,Centro educativo 06,QUETZALTENANGO,,,Olintepeque,,Bastante,Algo,Bastante,Algo,Infraestructura deficiente,85.0,Urbana
28,1028,2025-09-05 09:50:00,Doy mi consentimiento para participar en esta encuesta,Participante 28,30,Femenino,00-08-0210-40,Centro educativo 08,Totonicapán,,,,Momostenango,Algo,Algo,Poco,Algo,Falta de capacitación,74.0,Rural
29,1029,2025-09-06 13:40:00,Doy mi consentimiento para participar en esta encuesta,Participante 29,43,M,00-01-0001-43,Centro educativo 01,guatemala,Guatemala,,,,Poco,Poco,Algo,Poco,Resistencia al cambio,67.0,Urbana
30,1030,2025-09-06 15:10:00,Doy mi consentimiento para participar en esta encuesta,Participante 30,35,Femenino,00-09-0301-44,Centro educativo 05,Quetzaltenango,,,Quetzaltenango,,Mucho,Bastante,Mucho,Bastante,Recursos insuficientes; Falta de capacitación,92.0,Urbana
